rhui-5-mrg-g-2.0-debug-5Server-i386,Red Hat Enterprise Linux 5 Update Infrastructure MRG 2.0 (Debug) (5Server-i386),https://cdn.redhat.com/content/dist/rhel/rhui/server/5/5Server/i386/mrg-g/2.0/debug
rhui-5-mrg-g-2.0-debug-5Server-x86_64,Red Hat Enterprise Linux 5 Update Infrastructure MRG 2.0 (Debug) (5Server-x86_64),https://cdn.redhat.com/content/dist/rhel/rhui/server/5/5Server/x86_64/mrg-g/2.0/debug
rhui-client-config-rhel-server-6-i386-jbews-1,Red Hat Update Infrastructure 2.0 Client Configuration Server 6 i386 JBoss EWS 1,
rhui-client-config-rhel-server-6-x86_64-jbeap-6,Red Hat Update Infrastructure 2.0 Client Configuration Server 6 x86_64 JBoss EAP 6,
rhel-rhui-server-6-supplementary-source-srpms-6Server-i386,RHEL RHUI Server 6 Supplementary Source Srpms (6Server-i386),https://cdn.redhat.com/content/dist/rhel/rhui/server/6/6Server/i386/supplementary/source/SRPMS
rhel-rhui-server-6-supplementary-source-srpms-6Server-x86_64,RHEL RHUI Server 6 Supplementary Source Srpms (6Server-x86_64),https://cdn.redhat.com/content/dist/rhel/rhui/server/6/6Server/x86_64/supplementary/source/SRPMS
rhui-2.0-6Server-i386,Red Hat Update Infrastructure 2.0 (RPMs) (6Server-i386),https://cdn.redhat.com/content/dist/rhel/rhui/server/6/6Server/i386/rhui/2.0/os
rhui-client-config-beta-rhel-server-6-i386-os,Red Hat Update Infrastructure 2.0 Client Configuration Server 6 i386 Beta,
rhui-client-config-beta-rhel-server-6-x86_64-os,Red Hat Update Infrastructure 2.0 Client Configuration Server 6 x86_64 Beta,
rhui-vsa-1.0-debug-x86_64,Red Hat Enterprise Linux Update Infrastructure VSA 1.0 (Debug) (x86_64),https://cdn.redhat.com/content/dist/rhes/rhui/vsa/1.0/x86_64/debug
rhui-vsa-1.0-srpms-x86_64,Red Hat Enterprise Linux Update Infrastructure VSA 1.0 (SRPMS) (x86_64),https://cdn.redhat.com/content/dist/rhes/rhui/vsa/1.0/x86_64/source/SRPMS
rhui-client-config-rhel-server-6-x86_64-vsa,Red Hat Update Infrastructure 2.0 Client Configuration Server 6 VSA x86_64,
rhui-client-config-rhel-server-5-i386-os,Red Hat Update Infrastructure 2.0 Client Configuration Server 5 i386,
rhui-client-confi-rhel-server-5-x86_64-os,Red Hat Update Infrastructure 2.0 Client Configuration Server 5 x86_64,
rhui-client-config-rhel-server-6-i386-os,Red Hat Update Infrastructure 2.0 Client Configuration Server 6 i386,
rhui-client-config-rhel-server-6-x86_64-os,Red Hat Update Infrastructure 2.0 Client Configuration Server 6 x86_64,
rhui-client-config-rhel-server-5-i386-mrg,Red Hat Update Infrastructure 2.0 Client Configuration Server 5 MRG 2.0 i386,
rhui-client-config-rhel-server-5-x86_64-mrg,Red Hat Update Infrastructure 2.0 Client Configuration Server 5 MRG 2.0 x86_64,
rhui-client-config-rhel-server-6-x86_64-mrg,Red Hat Update Infrastructure 2.0 Client Configuration Server 6 MRG 2.0 x86_64,
rhui-client-config-rhel-server-6-i386-mrg,Red Hat Update Infrastructure 2.0 Client Configuration Server 6 MRG 2.0 i386,
rhui-6-scalablefilesystem-6Server-i386,Red Hat Enterprise Linux 6 Update Infrastructure Scalable Filesystem (6Server-i386),https://cdn.redhat.com/content/dist/rhel/rhui/server/6/6Server/i386/scalablefilesystem/os
rhel-server-6-jbews-srpms-6Server-i386,Red Hat Enterprise Linux Server 6 JBoss EWS (SRPMs) (6Server-i386),https://cdn.redhat.com/content/dist/rhel/rhui/server/6/6Server/i386/jbews/1/source/SRPMS
rhui-client-config-rhel-server-6-i386-jbeap-5,Red Hat Update Infrastructure 2.0 Client Configuration Server 6 i386 JBoss EAP 5,
rhui-client-config-rhel-server-6-x86_64-jbeap-5,Red Hat Update Infrastructure 2.0 Client Configuration Server 6 x86_64 JBoss EAP 5,
rhui-client-config-rhel-server-6-x86_64-jbews-1,Red Hat Update Infrastructure 2.0 Client Configuration Server 6 x86_64 JBoss EWS 1,
rhui-client-config-beta-rhel-server-5-x86_64-os,Red Hat Update Infrastructure 2.0 Client Configuration Server 5 x86_64 Beta,
rhui-client-config-rhel-server-6-i386-jbews-2,Red Hat Update Infrastructure 2.0 Client Configuration Server 6 i386 JBoss EWS 2,
rhel-6.4-scalefs-rhui-server-for-rhs-2.1-debug-rpms-x86_64,Red Hat Enterprise Linux 6.4 Scalable File System for RHS 2.1 (Debug RPMs) from RHUI (x86_64),https://cdn.redhat.com//content/dist/rhs/rhui/server/2.1/x86_64/rhel/6.4/scalablefilesystem/debug
rhui-srpms-2.0-6Server-i386,Red Hat Update Infrastructure 2.0 (SRPMS) (6Server-i386),https://cdn.redhat.com/content/dist/rhel/rhui/server/6/6Server/i386/rhui/2.0/source/SRPMS
rhui-rhel-6-scalablefilesystem-debug-6Server-i386,RHUI RHEL 6 (scalablefilesystem debug) (6Server-i386),https://cdn.redhat.com/content/dist/rhel/rhui/server/6/6Server/i386/scalablefilesystem/debug
rhel-rhui-server-6-rhscl-1-debug-6Server-i386,RHEL RHUI Server 6 Rhscl 1 Debug (6Server-i386),https://cdn.redhat.com/content/dist/rhel/rhui/server/6/6Server/i386/rhscl/1/debug
rhui-client-config-server-6-ha,Red Hat Update Infrastructure 2.0 Client Configuration Server 6 High Availability,
rhui-client-config-beta-rhel-server-7-x86_64-os,Red Hat Update Infrastructure 2.0 Client Configuration Server 7 x86_64 Beta,
rhui-6-mrg-g-2.0-6Server-i386,Red Hat Enterprise Linux 6 Update Infrastructure MRG 2.0 (RPMs) (6Server-i386),https://cdn.redhat.com/content/dist/rhel/rhui/server/6/6Server/i386/mrg-g/2.0/os
rhui-6-mrg-g-2.0-debug-6Server-i386,Red Hat Enterprise Linux 6 Update Infrastructure MRG 2.0 (Debug) (6Server-i386),https://cdn.redhat.com/content/dist/rhel/rhui/server/6/6Server/i386/mrg-g/2.0/debug
rhui-6-mrg-g-2.0-6Server-x86_64,Red Hat Enterprise Linux 6 Update Infrastructure MRG 2.0 (RPMs) (6Server-x86_64),https://cdn.redhat.com/content/dist/rhel/rhui/server/6/6Server/x86_64/mrg-g/2.0/os
rhui-vsa-1.0-rpms-x86_64,Red Hat Enterprise Linux Update Infrastructure VSA 1.0 (RPMS) (x86_64),https://cdn.redhat.com/content/dist/rhes/rhui/vsa/1.0/x86_64/os
rhel-6.2-scalefs-rhui-server-for-rhs-beta-debug-rpms-x86_64,Red Hat Enterprise Linux 6.2 Scalable File System for RHS 2 VSA Beta (Debug RPMs) from RHUI (x86_64),https://cdn.redhat.com/content/beta/rhs/rhui/vsa/2.0/x86_64/rhel/6.2/scalablefilesystem/debug
rhs-2-beta-for-rhel-6-rhui-server-debug-rpms-x86_64,Red Hat Storage 2 VSA Beta (Debug RPMs) from RHUI (x86_64),https://cdn.redhat.com/content/beta/rhs/rhui/vsa/2.0/x86_64/debug
rhui-client-config-rhel-beta-server-6-vsa2,Red Hat Update Infrastructure 2.0 Client Configuration Server 6 Beta VSA 2.0,
rhui-client-config-rhel-server-6-i386-jbeap-6,Red Hat Update Infrastructure 2.0 Client Configuration Server 6 i386 JBoss EAP 6,
rhs-2-rhel-6.2-sfs-for-rhui-srpms-x86_64,Red Hat Storage 2.0 for RHUI Scalable Filesystem 6.2 (source) (x86_64),https://cdn.redhat.com/content/dist/rhs/rhui/server/2.0/x86_64/rhel/6.2/scalablefilesystem/source/SRPMS
rhui-6-mrg-g-2.0-srpms-6Server-i386,Red Hat Enterprise Linux 6 Update Infrastructure MRG 2.0 (SRPMS) (6Server-i386),https://cdn.redhat.com/content/dist/rhel/rhui/server/6/6Server/i386/mrg-g/2.0/source/SRPMS
rhui-client-config-beta-rhel-server-5-i386-os,Red Hat Update Infrastructure 2.0 Client Configuration Server 5 i386 Beta,
rhel-server-6-jbews-2-srpms-6Server-i386,Red Hat Enterprise Linux Server 6 JBoss EWS 2 (SRPMs) (6Server-i386),https://cdn.redhat.com/content/dist/rhel/rhui/server/6/6Server/i386/jbews/2/source/SRPMS
rhel-server-6-jbews-2-srpms-6Server-x86_64,Red Hat Enterprise Linux Server 6 JBoss EWS 2 (SRPMs) (6Server-x86_64),https://cdn.redhat.com/content/dist/rhel/rhui/server/6/6Server/x86_64/jbews/2/source/SRPMS
rhel-rhui-server-5-supplementary-srpms-5Server-x86_64,Red Hat Enterprise Linux Server 5 supplementary (SRPMs) (5Server-x86_64),https://cdn.redhat.com/content/dist/rhel/rhui/server/5/5Server/x86_64/supplementary/source/SRPMS
rhel-rhui-server-5-supplementary-srpms-5Server-i386,Red Hat Enterprise Linux Server 5 supplementary (SRPMs) (5Server-i386),https://cdn.redhat.com/content/dist/rhel/rhui/server/5/5Server/i386/supplementary/source/SRPMS
rhel-rhui-server-5-supplementary-debug-5Server-i386,Red Hat Enterprise Linux Server 5 supplementary Debug (5Server-i386),https://cdn.redhat.com/content/dist/rhel/rhui/server/5/5Server/i386/supplementary/debug
rhui-5-mrg-g-2.0-srpms-5Server-i386,Red Hat Enterprise Linux 5 Update Infrastructure MRG 2.0 (SRPMS) (5Server-i386),https://cdn.redhat.com/content/dist/rhel/rhui/server/5/5Server/i386/mrg-g/2.0/source/SRPMS
rhui-2.0-6Server-x86_64,Red Hat Update Infrastructure 2.0 (RPMs) (6Server-x86_64),https://cdn.redhat.com/content/dist/rhel/rhui/server/6/6Server/x86_64/rhui/2.0/os
rhs-2.1-for-rhel-6-rhui-server-source-rpms-x86_64,Red Hat Storage Server 2.1 for Public Cloud (Source RPMs) from RHUI (x86_64),https://cdn.redhat.com//content/dist/rhs/rhui/server/2.1/x86_64/source/SRPMS
rhel-rhui-server-6-supplementary-debug-6Server-i386,RHEL RHUI Server 6 Supplementary Debug (6Server-i386),https://cdn.redhat.com/content/dist/rhel/rhui/server/6/6Server/i386/supplementary/debug
rhel-rhui-server-6-supplementary-os-6Server-i386,RHEL RHUI Server 6 Supplementary OS (6Server-i386),https://cdn.redhat.com/content/dist/rhel/rhui/server/6/6Server/i386/supplementary/os
rhui-rhel-6-highavailability-debug-6Server-i386,RHUI RHEL 6 (highavailability debug) (6Server-i386),https://cdn.redhat.com/content/dist/rhel/rhui/server/6/6Server/i386/highavailability/debug
rhel-rhui-server-6-rhscl-1-os-6Server-i386,RHEL RHUI Server 6 Rhscl 1 OS (6Server-i386),https://cdn.redhat.com/content/dist/rhel/rhui/server/6/6Server/i386/rhscl/1/os
rhel-rhui-server-6-rh-common-os-6Server-x86_64,RHEL RHUI Server 6 Rh-common OS (6Server-x86_64),https://cdn.redhat.com//content/dist/rhel/rhui/server/6/6Server/x86_64/rh-common/os
rhel-rhui-server-6-rh-common-debug-6Server-i386,RHEL RHUI Server 6 Rh-common Debug (6Server-i386),https://cdn.redhat.com//content/dist/rhel/rhui/server/6/6Server/i386/rh-common/debug
rhel-server-5-5Server-x86_64,Red Hat Enterprise Linux Server 5 (RPMs) (5Server-x86_64),https://cdn.redhat.com/content/dist/rhel/rhui/server/5/5Server/x86_64/os
rhui-vsa-rhel-6.1-rpms-x86_64,Red Hat Enterprise Linux Update Infrastructure VSA RHEL 6.1 (RPMS) (x86_64),https://cdn.redhat.com/content/dist/rhes/rhui/vsa/1.0/x86_64/rhel/6.1/os
rhui-6-loadbalancer-6Server-i386,Red Hat Enterprise Linux 6 Update Infrastructure Load Balancer (6Server-i386),https://cdn.redhat.com/content/dist/rhel/rhui/server/6/6Server/i386/loadbalancer/os
rhui-6-loadbalancer-6Server-x86_64,Red Hat Enterprise Linux 6 Update Infrastructure Load Balancer (6Server-x86_64),https://cdn.redhat.com/content/dist/rhel/rhui/server/6/6Server/x86_64/loadbalancer/os
rhel-server-6-jbews-srpms-6Server-x86_64,Red Hat Enterprise Linux Server 6 JBoss EWS (SRPMs) (6Server-x86_64),https://cdn.redhat.com/content/dist/rhel/rhui/server/6/6Server/x86_64/jbews/1/source/SRPMS
rhs-2-beta-for-rhel-6-rhui-server-rpms-x86_64,Red Hat Storage 2 VSA Beta (RPMs) from RHUI (x86_64),https://cdn.redhat.com/content/beta/rhs/rhui/vsa/2.0/x86_64/os
rhs-2-beta-for-rhel-6-rhui-server-source-rpms-x86_64,Red Hat Storage 2 VSA Beta (Source RPMs) from RHUI (x86_64),https://cdn.redhat.com/content/beta/rhs/rhui/vsa/2.0/x86_64/source/SRPMS
rhui-client-config-server-6-rhs,Red Hat Update Infrastructure 2.0 Client Configuration Server 6 Storage,
rhs-2-rhel-6.2-for-rhui-server-source-x86_64,Red Hat Storage 2.0 for RHUI RHEL 6.2 (source) (x86_64),https://cdn.redhat.com/content/dist/rhs/rhui/server/2.0/x86_64/rhel/6.2/source/SRPMS
rhel-server-beta-5-5Server-x86_64,Red Hat Enterprise Linux Server 5 (Beta RPMs) (5Server-x86_64),https://cdn.redhat.com/content/beta/rhel/rhui/server/5/5Server/x86_64/os
rhui-client-config-rhel-server-6-x86_64-jbews-2,Red Hat Update Infrastructure 2.0 Client Configuration Server 6 x86_64 JBoss EWS 2,
rhel-server-6-jbews-2-6Server-x86_64,Red Hat Enterprise Linux Server 6 JBoss EWS 2 (RPMs) (6Server-x86_64),https://cdn.redhat.com/content/dist/rhel/rhui/server/6/6Server/x86_64/jbews/2/os
rhel-server-beta-srpms-5-5Server-i386,Red Hat Enterprise Linux Server 5 (Beta SRPMS) (5Server-i386),https://cdn.redhat.com/content/beta/rhel/rhui/server/5/5Server/i386/source/SRPMS
rhel-6.4-rhui-server-for-rhs-2.1-rpms-x86_64,Red Hat Enterprise Linux 6.4 Server for RHS 2.1 (RPMs) from RHUI (x86_64),https://cdn.redhat.com//content/dist/rhs/rhui/server/2.1/x86_64/rhel/6.4/os
rhui-rhel-6-loadbalancer-debug-6Server-i386,RHUI RHEL 6 (loadbalancer debug) (6Server-i386),https://cdn.redhat.com/content/dist/rhel/rhui/server/6/6Server/i386/loadbalancer/debug
rhel-rhui-server-6-rhscl-1-debug-6Server-x86_64,RHEL RHUI Server 6 Rhscl 1 Debug (6Server-x86_64),https://cdn.redhat.com/content/dist/rhel/rhui/server/6/6Server/x86_64/rhscl/1/debug
rhel-rhui-server-6-rhscl-1-source-srpms-6Server-x86_64,RHEL RHUI Server 6 Rhscl 1 Source Srpms (6Server-x86_64),https://cdn.redhat.com/content/dist/rhel/rhui/server/6/6Server/x86_64/rhscl/1/source/SRPMS
rhui-rhel-6-loadbalancer-debug-6Server-x86_64,RHUI RHEL 6 (loadbalancer debug) (6Server-x86_64),https://cdn.redhat.com/content/dist/rhel/rhui/server/6/6Server/x86_64/loadbalancer/debug
rhs-2.1-for-rhel-6-rhui-server-debug-rpms-x86_64,Red Hat Storage Server 2.1 for Public Cloud (Debug RPMs) from RHUI (x86_64),https://cdn.redhat.com//content/dist/rhs/rhui/server/2.1/x86_64/debug
rhel-rhui-server-6-rhscl-1-source-srpms-6Server-i386,RHEL RHUI Server 6 Rhscl 1 Source Srpms (6Server-i386),https://cdn.redhat.com/content/dist/rhel/rhui/server/6/6Server/i386/rhscl/1/source/SRPMS
rhui-beta-rhel-6-optional-debug-6Server-x86_64,RHUI RHEL 6 (optional debug) (6Server-x86_64),https://cdn.redhat.com/content/beta/rhel/rhui/server/6/6Server/x86_64/optional/debug
rhel-server-6-optional-srpms-6Server-x86_64,Red Hat Enterprise Linux Server 6 Optional (SRPMS) (6Server-x86_64),https://cdn.redhat.com/content/dist/rhel/rhui/server/6/6Server/x86_64/optional/source/SRPMS
beta-rhel-rhui-everything-7-debug-x86_64,Beta RHEL RHUI Everything 7 Debug (x86_64),https://cdn.redhat.com//content/beta/rhel/rhui/everything/7/x86_64/debug
jbeap-6-rhui-rhel-6-rpms-6Server-x86_64,JBoss EAP 6 for RHUI RHEL 6 (RPMs) (6Server-x86_64),https://cdn.redhat.com/content/dist/rhel/rhui/server/6/6Server/x86_64/jbeap/6/os
rhel-server-6-6Server-i386,Red Hat Enterprise Linux Server 6 (RPMs) (6Server-i386),https://cdn.redhat.com/content/dist/rhel/rhui/server/6/6Server/i386/os
rhel-server-srpms-5-5Server-x86_64,Red Hat Enterprise Linux Server 5 (SRPMS) (5Server-x86_64),https://cdn.redhat.com/content/dist/rhel/rhui/server/5/5Server/x86_64/source/SRPMS
rhel-server-srpms-5-5Server-i386,Red Hat Enterprise Linux Server 5 (SRPMS) (5Server-i386),https://cdn.redhat.com/content/dist/rhel/rhui/server/5/5Server/i386/source/SRPMS
rhel-server-6-beta-6Server-i386,Red Hat Enterprise Linux Server 6 (Beta RPMs) (6Server-i386),https://cdn.redhat.com/content/beta/rhel/rhui/server/6/6Server/i386/os
rhel-server-6-beta-srpms-6Server-x86_64,Red Hat Enterprise Linux Server 6 (Beta SRPMS) (6Server-x86_64),https://cdn.redhat.com/content/beta/rhel/rhui/server/6/6Server/x86_64/source/SRPMS
rhel-server-6-beta-srpms-6Server-i386,Red Hat Enterprise Linux Server 6 (Beta SRPMS) (6Server-i386),https://cdn.redhat.com/content/beta/rhel/rhui/server/6/6Server/i386/source/SRPMS
rhel-server-6-beta-6Server-x86_64,Red Hat Enterprise Linux Server 6 (Beta RPMs) (6Server-x86_64),https://cdn.redhat.com/content/beta/rhel/rhui/server/6/6Server/x86_64/os
rhel-server-6-beta-optional-6Server-i386,Red Hat Enterprise Linux Server 6 Optional (Beta RPMs) (6Server-i386),https://cdn.redhat.com/content/beta/rhel/rhui/server/6/6Server/i386/optional/os
rhel-server-6-beta-optional-6Server-x86_64,Red Hat Enterprise Linux Server 6 Optional (Beta RPMs) (6Server-x86_64),https://cdn.redhat.com/content/beta/rhel/rhui/server/6/6Server/x86_64/optional/os
rhel-server-6-beta-optional-srpms-6Server-i386,Red Hat Enterprise Linux Server 6 Optional (Beta SRPMS) (6Server-i386),https://cdn.redhat.com/content/beta/rhel/rhui/server/6/6Server/i386/optional/source/SRPMS
rhel-server-6-beta-optional-srpms-6Server-x86_64,Red Hat Enterprise Linux Server 6 Optional (Beta SRPMS) (6Server-x86_64),https://cdn.redhat.com/content/beta/rhel/rhui/server/6/6Server/x86_64/optional/source/SRPMS
rhui-vsa-rhel-6.1-srpms-x86_64,Red Hat Enterprise Linux Update Infrastructure VSA RHEL 6.1 (SRPMS) (x86_64),https://cdn.redhat.com/content/dist/rhes/rhui/vsa/1.0/x86_64/rhel/6.1/source/SRPMS
rhui-vsa-rhel-6.1-debug-x86_64,Red Hat Enterprise Linux Update Infrastructure VSA RHEL 6.1 (Debug) (x86_64),https://cdn.redhat.com/content/dist/rhes/rhui/vsa/1.0/x86_64/rhel/6.1/debug
rhui-6-resilientstorage-6Server-i386,Red Hat Enterprise Linux 6 Update Infrastructure Resilient Storage (6Server-i386),https://cdn.redhat.com/content/dist/rhel/rhui/server/6/6Server/i386/resilientstorage/os
rhui-6-scalablefilesystem-6Server-x86_64,Red Hat Enterprise Linux 6 Update Infrastructure Scalable Filesystem (6Server-x86_64),https://cdn.redhat.com/content/dist/rhel/rhui/server/6/6Server/x86_64/scalablefilesystem/os
rhel-server-6-jbeap-6Server-i386,Red Hat Enterprise Linux Server 6 JBoss EAP (RPMs) (6Server-i386),https://cdn.redhat.com/content/dist/rhel/rhui/server/6/6Server/i386/jbeap/5/os
rhel-server-6-jbeap-6Server-x86_64,Red Hat Enterprise Linux Server 6 JBoss EAP (RPMs) (6Server-x86_64),https://cdn.redhat.com/content/dist/rhel/rhui/server/6/6Server/x86_64/jbeap/5/os
rhel-server-6-jbews-6Server-i386,Red Hat Enterprise Linux Server 6 JBoss EWS (RPMs) (6Server-i386),https://cdn.redhat.com/content/dist/rhel/rhui/server/6/6Server/i386/jbews/1/os
rhel-server-6-jbeap-srpms-6Server-x86_64,Red Hat Enterprise Linux Server 6 JBoss EAP (SRPMs) (6Server-x86_64),https://cdn.redhat.com/content/dist/rhel/rhui/server/6/6Server/x86_64/jbeap/5/source/SRPMS
rhel-server-6-jbeap-srpms-6Server-i386,Red Hat Enterprise Linux Server 6 JBoss EAP (SRPMs) (6Server-i386),https://cdn.redhat.com/content/dist/rhel/rhui/server/6/6Server/i386/jbeap/5/source/SRPMS
rhel-6.2-scalefs-rhui-server-for-rhs-beta-source-rpms-x86_64,Red Hat Enterprise Linux 6.2 Scalable File System for RHS 2 VSA Beta (Source RPMs) from RHUI (x86_64),https://cdn.redhat.com/content/beta/rhs/rhui/vsa/2.0/x86_64/rhel/6.2/scalablefilesystem/source/SRPMS
rhel-6.2-scalefs-rhui-server-for-rhs-beta-rpms-x86_64,Red Hat Enterprise Linux 6.2 Scalable File System for RHS 2 VSA Beta (RPMs) from RHUI (x86_64),https://cdn.redhat.com/content/beta/rhs/rhui/vsa/2.0/x86_64/rhel/6.2/scalablefilesystem/os
rhel-6.2-rhui-server-for-rhs-beta-debug-rpms-x86_64,Red Hat Enterprise Linux 6.2 Server for RHS 2 VSA Beta (Debug RPMs) from RHUI (x86_64),https://cdn.redhat.com/content/beta/rhs/rhui/vsa/2.0/x86_64/rhel/6.2/debug
rhui-5-mrg-g-2.0-5Server-x86_64,Red Hat Enterprise Linux 5 Update Infrastructure MRG 2.0 (RPMs) (5Server-x86_64),https://cdn.redhat.com/content/dist/rhel/rhui/server/5/5Server/x86_64/mrg-g/2.0/os
rhel-6.2-rhui-server-for-rhs-beta-rpms-x86_64,Red Hat Enterprise Linux 6.2 Server for RHS 2 VSA Beta (RPMs) from RHUI (x86_64),https://cdn.redhat.com/content/beta/rhs/rhui/vsa/2.0/x86_64/rhel/6.2/os
rhs-2-rhel-6.2-sfs-for-rhui-debug-x86_64,Red Hat Storage 2.0 for RHUI Scalable Filesystem 6.2 (debug) (x86_64),https://cdn.redhat.com/content/dist/rhs/rhui/server/2.0/x86_64/rhel/6.2/scalablefilesystem/debug
rhs-2-rhel-6.2-sfs-for-rhui-rpms-x86_64,Red Hat Storage 2.0 for RHUI Scalable Filesystem 6.2 (RPMs) (x86_64),https://cdn.redhat.com/content/dist/rhs/rhui/server/2.0/x86_64/rhel/6.2/scalablefilesystem/os
rhs-2-rhel-6.2-for-rhui-server-debug-x86_64,Red Hat Storage 2.0 for RHUI RHEL 6.2 (debug) (x86_64),https://cdn.redhat.com/content/dist/rhs/rhui/server/2.0/x86_64/rhel/6.2/debug
rhs-2-for-rhui-server-source-x86_64,Red Hat Storage 2.0 (source) for RHUI (x86_64),https://cdn.redhat.com/content/dist/rhs/rhui/server/2.0/x86_64/source/SRPMS
rhel-server-6-optional-6Server-i386,Red Hat Enterprise Linux Server 6 Optional (RPMs) (6Server-i386),https://cdn.redhat.com/content/dist/rhel/rhui/server/6/6Server/i386/optional/os
rhs-2-rhel-6.2-for-rhui-server-rpms-x86_64,Red Hat Storage 2.0 for RHUI RHEL 6.2 (RPMS) (x86_64),https://cdn.redhat.com/content/dist/rhs/rhui/server/2.0/x86_64/rhel/6.2/os
rhui-5-mrg-g-2.0-5Server-i386,Red Hat Enterprise Linux 5 Update Infrastructure MRG 2.0 (RPMs) (5Server-i386),https://cdn.redhat.com/content/dist/rhel/rhui/server/5/5Server/i386/mrg-g/2.0/os
rhel-server-beta-srpms-5-5Server-x86_64,Red Hat Enterprise Linux Server 5 (Beta SRPMS) (5Server-x86_64),https://cdn.redhat.com/content/beta/rhel/rhui/server/5/5Server/x86_64/source/SRPMS
rhel-server-beta-5-5Server-i386,Red Hat Enterprise Linux Server 5 (Beta RPMs) (5Server-i386),https://cdn.redhat.com/content/beta/rhel/rhui/server/5/5Server/i386/os
rhui-beta-rhel-5-debug-5Server-x86_64,RHUI RHEL 5 (debug) (5Server-x86_64),https://cdn.redhat.com/content/beta/rhel/rhui/server/5/5Server/x86_64/debug
rhui-beta-rhel-5-debug-5Server-i386,RHUI RHEL 5 (debug) (5Server-i386),https://cdn.redhat.com/content/beta/rhel/rhui/server/5/5Server/i386/debug
rhel-server-6-6Server-x86_64,Red Hat Enterprise Linux Server 6 (RPMs) (6Server-x86_64),https://cdn.redhat.com/content/dist/rhel/rhui/server/6/6Server/x86_64/os
rhel-rhui-server-5-supplementary-debug-5Server-x86_64,Red Hat Enterprise Linux Server 5 supplementary Debug (5Server-x86_64),https://cdn.redhat.com/content/dist/rhel/rhui/server/5/5Server/x86_64/supplementary/debug
rhel-rhui-server-5-supplementary-os-5Server-i386,Red Hat Enterprise Linux Server 5 supplementary OS (5Server-i386),https://cdn.redhat.com/content/dist/rhel/rhui/server/5/5Server/i386/supplementary/os
rhel-rhui-server-5-supplementary-os-5Server-x86_64,Red Hat Enterprise Linux Server 5 supplementary OS (5Server-x86_64),https://cdn.redhat.com/content/dist/rhel/rhui/server/5/5Server/x86_64/supplementary/os
rhel-server-6-optional-6Server-x86_64,Red Hat Enterprise Linux Server 6 Optional (RPMs) (6Server-x86_64),https://cdn.redhat.com/content/dist/rhel/rhui/server/6/6Server/x86_64/optional/os
rhui-6-highavailability-6Server-i386,Red Hat Enterprise Linux 6 Update Infrastructure High Availability (6Server-i386),https://cdn.redhat.com/content/dist/rhel/rhui/server/6/6Server/i386/highavailability/os
rhui-5-mrg-g-2.0-srpms-5Server-x86_64,Red Hat Enterprise Linux 5 Update Infrastructure MRG 2.0 (SRPMS) (5Server-x86_64),https://cdn.redhat.com/content/dist/rhel/rhui/server/5/5Server/x86_64/mrg-g/2.0/source/SRPMS
rhel-server-6-jbews-6Server-x86_64,Red Hat Enterprise Linux Server 6 JBoss EWS (RPMs) (6Server-x86_64),https://cdn.redhat.com/content/dist/rhel/rhui/server/6/6Server/x86_64/jbews/1/os
rhui-6-resilientstorage-6Server-x86_64,Red Hat Enterprise Linux 6 Update Infrastructure Resilient Storage (6Server-x86_64),https://cdn.redhat.com/content/dist/rhel/rhui/server/6/6Server/x86_64/resilientstorage/os
rhs-2-for-rhui-server-debug-x86_64,Red Hat Storage 2.0 (debug) for RHUI (x86_64),https://cdn.redhat.com/content/dist/rhs/rhui/server/2.0/x86_64/debug
rhs-2-for-rhui-server-rpms-x86_64,Red Hat Storage 2.0 (RPMs) for RHUI (x86_64),https://cdn.redhat.com/content/dist/rhs/rhui/server/2.0/x86_64/os
jbeap-6-rhui-rhel-6-srpms-6Server-x86_64,JBoss EAP 6 for RHUI RHEL 6 (source) (6Server-x86_64),https://cdn.redhat.com/content/dist/rhel/rhui/server/6/6Server/x86_64/jbeap/6/source/SRPMS
rhel-server-6-srpms-6Server-x86_64,Red Hat Enterprise Linux Server 6 (SRPMS) (6Server-x86_64),https://cdn.redhat.com/content/dist/rhel/rhui/server/6/6Server/x86_64/source/SRPMS
rhel-server-6-jbews-2-6Server-i386,Red Hat Enterprise Linux Server 6 JBoss EWS 2 (RPMs) (6Server-i386),https://cdn.redhat.com/content/dist/rhel/rhui/server/6/6Server/i386/jbews/2/os
rhel-6.4-scalefs-rhui-server-for-rhs-2.1-source-rpms-x86_64,Red Hat Enterprise Linux 6.4 Scalable File System for RHS 2.1 (Source RPMs) from RHUI (x86_64),https://cdn.redhat.com//content/dist/rhs/rhui/server/2.1/x86_64/rhel/6.4/scalablefilesystem/source/SRPMS
rhel-6.4-scalefs-rhui-server-for-rhs-2.1-rpms-x86_64,Red Hat Enterprise Linux 6.4 Scalable File System for RHS 2.1 (RPMs) from RHUI (x86_64),https://cdn.redhat.com//content/dist/rhs/rhui/server/2.1/x86_64/rhel/6.4/scalablefilesystem/os
rhs-2.1-for-rhel-6-rhui-server-rpms-x86_64,Red Hat Storage Server 2.1 for Public Cloud (RPMs) from RHUI (x86_64),https://cdn.redhat.com//content/dist/rhs/rhui/server/2.1/x86_64/os
rhel-6.4--rhui-server-rhs-2.1-source-rpms-x86_64,Red Hat Enterprise Linux 6.4 Server for RHS 2.1 (Source RPMs) from RHUI (x86_64),https://cdn.redhat.com//content/dist/rhs/rhui/server/2.1/x86_64/rhel/6.4/source/SRPMS
rhel-6.4-rhui-server-for-rhs-2.1-debug-rpms-x86_64,Red Hat Enterprise Linux 6.4 Server for RHS 2.1 (Debug RPMs) from RHUI (x86_64),https://cdn.redhat.com//content/dist/rhs/rhui/server/2.1/x86_64/rhel/6.4/debug
rhel-rhui-server-6-supplementary-debug-6Server-x86_64,RHEL RHUI Server 6 Supplementary Debug (6Server-x86_64),https://cdn.redhat.com/content/dist/rhel/rhui/server/6/6Server/x86_64/supplementary/debug
rhel-rhui-server-6-supplementary-os-6Server-x86_64,RHEL RHUI Server 6 Supplementary OS (6Server-x86_64),https://cdn.redhat.com/content/dist/rhel/rhui/server/6/6Server/x86_64/supplementary/os
rhui-srpms-2.0-6Server-x86_64,Red Hat Update Infrastructure 2.0 (SRPMS) (6Server-x86_64),https://cdn.redhat.com/content/dist/rhel/rhui/server/6/6Server/x86_64/rhui/2.0/source/SRPMS
rhel-rhui-server-6-rhscl-1-os-6Server-x86_64,RHEL RHUI Server 6 Rhscl 1 OS (6Server-x86_64),https://cdn.redhat.com/content/dist/rhel/rhui/server/6/6Server/x86_64/rhscl/1/os
rhui-rhel-6-resilientstorage-debug-6Server-i386,RHUI RHEL 6 (resilientstorage debug) (6Server-i386),https://cdn.redhat.com/content/dist/rhel/rhui/server/6/6Server/i386/resilientstorage/debug
rhui-rhel-6-highavailability-debug-6Server-x86_64,RHUI RHEL 6 (highavailability debug) (6Server-x86_64),https://cdn.redhat.com/content/dist/rhel/rhui/server/6/6Server/x86_64/highavailability/debug
rhui-rhel-6-resilientstorage-debug-6Server-x86_64,RHUI RHEL 6 (resilientstorage debug) (6Server-x86_64),https://cdn.redhat.com/content/dist/rhel/rhui/server/6/6Server/x86_64/resilientstorage/debug
rhui-rhel-6-scalablefilesystem-debug-6Server-x86_64,RHUI RHEL 6 (scalablefilesystem debug) (6Server-x86_64),https://cdn.redhat.com/content/dist/rhel/rhui/server/6/6Server/x86_64/scalablefilesystem/debug
rhui-6-mrg-g-2.0-debug-6Server-x86_64,Red Hat Enterprise Linux 6 Update Infrastructure MRG 2.0 (Debug) (6Server-x86_64),https://cdn.redhat.com/content/dist/rhel/rhui/server/6/6Server/x86_64/mrg-g/2.0/debug
rhui-6-mrg-g-2.0-srpms-6Server-x86_64,Red Hat Enterprise Linux 6 Update Infrastructure MRG 2.0 (SRPMS) (6Server-x86_64),https://cdn.redhat.com/content/dist/rhel/rhui/server/6/6Server/x86_64/mrg-g/2.0/source/SRPMS
rhui-beta-rhel-6-debug-6Server-i386,RHUI RHEL 6 (debug) (6Server-i386),https://cdn.redhat.com/content/beta/rhel/rhui/server/6/6Server/i386/debug
rhui-beta-rhel-6-debug-6Server-x86_64,RHUI RHEL 6 (debug) (6Server-x86_64),https://cdn.redhat.com/content/beta/rhel/rhui/server/6/6Server/x86_64/debug
rhui-beta-rhel-6-optional-debug-6Server-i386,RHUI RHEL 6 (optional debug) (6Server-i386),https://cdn.redhat.com/content/beta/rhel/rhui/server/6/6Server/i386/optional/debug
rhel-6.2-rhui-server-for-rhs-beta-source-rpms-x86_64,Red Hat Enterprise Linux 6.2 Server for RHS 2 VSA Beta (Source RPMs) from RHUI (x86_64),https://cdn.redhat.com/content/beta/rhs/rhui/vsa/2.0/x86_64/rhel/6.2/source/SRPMS
rhui-6-highavailability-6Server-x86_64,Red Hat Enterprise Linux 6 Update Infrastructure High Availability (6Server-x86_64),https://cdn.redhat.com/content/dist/rhel/rhui/server/6/6Server/x86_64/highavailability/os
rhel-rhui-server-6-rh-common-os-6Server-i386,RHEL RHUI Server 6 Rh-common OS (6Server-i386),https://cdn.redhat.com//content/dist/rhel/rhui/server/6/6Server/i386/rh-common/os
rhel-rhui-server-6-rh-common-source-srpms-6Server-i386,RHEL RHUI Server 6 Rh-common Source Srpms (6Server-i386),https://cdn.redhat.com//content/dist/rhel/rhui/server/6/6Server/i386/rh-common/source/SRPMS
rhel-rhui-server-6-rh-common-source-srpms-6Server-x86_64,RHEL RHUI Server 6 Rh-common Source Srpms (6Server-x86_64),https://cdn.redhat.com//content/dist/rhel/rhui/server/6/6Server/x86_64/rh-common/source/SRPMS
rhel-rhui-server-6-rh-common-debug-6Server-x86_64,RHEL RHUI Server 6 Rh-common Debug (6Server-x86_64),https://cdn.redhat.com//content/dist/rhel/rhui/server/6/6Server/x86_64/rh-common/debug
rhel-server-6-srpms-6Server-i386,Red Hat Enterprise Linux Server 6 (SRPMS) (6Server-i386),https://cdn.redhat.com/content/dist/rhel/rhui/server/6/6Server/i386/source/SRPMS
rhel-server-6-optional-srpms-6Server-i386,Red Hat Enterprise Linux Server 6 Optional (SRPMS) (6Server-i386),https://cdn.redhat.com/content/dist/rhel/rhui/server/6/6Server/i386/optional/source/SRPMS
beta-rhel-rhui-everything-7-source-srpms-x86_64,Beta RHEL RHUI Everything 7 Source Srpms (x86_64),https://cdn.redhat.com//content/beta/rhel/rhui/everything/7/x86_64/source/SRPMS
jbeap-6-rhui-rhel-6-rpms-6Server-i386,JBoss EAP 6 for RHUI RHEL 6 (RPMs) (6Server-i386),https://cdn.redhat.com/content/dist/rhel/rhui/server/6/6Server/i386/jbeap/6/os
jbeap-6-rhui-rhel-6-srpms-6Server-i386,JBoss EAP 6 for RHUI RHEL 6 (source) (6Server-i386),https://cdn.redhat.com/content/dist/rhel/rhui/server/6/6Server/i386/jbeap/6/source/SRPMS
rhui-client-config-beta-rhel-server-7-i386-os,Red Hat Update Infrastructure 2.0 Client Configuration Server 7 i386 Beta,
rhel-server-5-5Server-i386,Red Hat Enterprise Linux Server 5 (RPMs) (5Server-i386),https://cdn.redhat.com/content/dist/rhel/rhui/server/5/5Server/i386/os
beta-rhel-rhui-everything-7-os-x86_64,Beta RHEL RHUI Everything 7 OS (x86_64),https://cdn.redhat.com//content/beta/rhel/rhui/everything/7/x86_64/os
